{"Bitcoin": [17914.42, 17914.819999999992, 17914.819999999992, 17915.519999999982], "BitTorrent": [0.0, 0.4, 0.8999999999999999], "Basic Attention Token": [0.21]}